Console NextGen;
Sweat à capuche premium;
Raquette de tennis pro;
Écran gaming 4K 27;
Baskets limited edition;
Vélo de route carbone;
Drone professionnel 4K;
Manteau d hiver imperméable;
Tente 4 places;
Enceinte Bluetooth waterproof;
Bonnet Miki de Carnac;
Écharpe Rayée de Brest;
Bracelet Ancre Fait main;
Marinière Local;
Pendentif Hermine Fait main;
Écharpe Rayée de Saint-Malo;
Coussin Triskell de Roscoff;
Écharpe Rayée Bio;
Ciré Navy de Quimper;
Bol Breton Premium;
Bol Breton Fait main;
Bracelet Ancre de Carnac;
Caramels de Dinard;
Affiche Vintage de Vannes;
Écharpe Rayée de Dinard;
Vareuse de Saint-Malo;
Lampe Tempête de Quimper;
Sac Voile de Pont-Aven;
Sac Voile Bio;
Sac Voile Premium;
Pendentif Hermine Local;
Vareuse Durable;
Pendentif Hermine Traditionnel;
Pull Marin Authentique;
Bol Breton de Saint-Malo;
Phare Miniature de Quimper;
Caramels Artisanal;
Bracelet Ancre de Brest;
Lampe Tempête de Saint-Malo;
Lampe Tempête Local;
Bolée à Cidre Artisanal;
Bonnet Miki Traditionnel;
Marinière Premium;
Lampe Tempête de Vannes;
Galettes Artisanal;
Bol Breton Bio;
Ordinateur portable Ultra;
Pendentif Hermine de Saint-Malo;
Pendentif Hermine Bio;
Galettes de Quimper;
Sac Voile Durable;
Marinière de Pont-Aven;
Pull Marin de Quimper;
T-shirt coton bio;
Jean slim;
Robe d été;
Casque audio Bluetooth;
Sac à dos urbain;
Montre connectée;
Chaussures running;
Tablette 10 pouces;
Ballon de football;
Livre cuisine française;
Tapis de yoga;
Clavier mécanique RGB;
Pull Marin de Saint-Malo;
Galettes Local;
Écharpe Rayée Fait main;
Ciré Navy de Concarneau;
Bracelet Ancre de Concarneau;
Sac Voile de Concarneau;
Écharpe Rayée Authentique;
Bonnet Miki Authentique;
Bol Breton Traditionnel;
Pull Marin de Brest;
Affiche Vintage de Dinard;
Vareuse Artisanal;
Smartphone XPro;
Veste en cuir;
Pull Marin Bio;
Kabig Bio;
Phare Miniature Fait main;
Bracelet Ancre Durable;
Caramels de Roscoff;
Ciré Navy Artisanal;
Vareuse de Pont-Aven;
Pendentif Hermine de Roscoff;
Ciré Navy de Brest;
Bolée à Cidre Local;
Vareuse de Dinard;
Lampe Tempête Traditionnel;
Coussin Triskell Premium;
Coussin Triskell Bio;
Coussin Triskell Artisanal;
Bolée à Cidre de Saint-Malo;
Caramels Durable;
Bonnet Miki Premium;
Caramels de Carnac;
Ciré Jaune de Vannes;
Lampe Tempête Authentique;
Bonnet Miki de Concarneau;
Marinière Authentique;
Bracelet Ancre Artisanal;
Pull Marin de Carnac;
Coussin Triskell Fait main;