SQC;Sqc;sqc
SQCSCQ;Sqcsqc;sqcsqc
SQCSCQ;Sqcsqc;sqcsqc
SQCSCQ;Sqcsqc;sqcsqc
DDD;Ddd;ddd
SCQ;Scq;sqc
PPP;Ppp;ppp
PPP;Ppp;ppp
SQC;Csq;csq
SQC;Csq;csq
SCQ;Sqc;sqc
SCQ;Sqc;sqc
SQC;Csq;csq
XXX;Xxx;xxx
SSS;Sss;ss
;;
;;
;;;;;
SQC;Sqc;sqc;sqc@mail.com;vdsvdsvdsv;dsvdsvdsv
JIO;Kim;masmund;jiolepot@gmail.com;0909090990;09090990
LEO;Tessier;houlala;leotessier@gmail.com;0606060606;060606
GRE;Gr;gre;bro@gmail.com;06060606;05060506
GAETAN;Lollieric;whyrox;gatgat@gmail.ocm;0664271644;05092006
X;X;x;xc@mail.com;cx;050505
